age,bp,sg,al,su,rbc,pc,pcc,ba,bgr,bu,sc,sod,pot,hemo,pcv,wc,rc,htn,dm,cad,appet,pe,ane,classification
59,80,1.005,0,0,normal,normal,notpresent,notpresent,136.4,99.5,1.2000000000000002,135.0,6.1,12.8,40,10273,6.3,no,no,no,good,no,no,0
49,70,1.01,0,1,normal,normal,notpresent,notpresent,105.9,16.9,1.7000000000000002,146.1,8.8,12.7,39,9136,4.6,yes,no,no,good,no,no,0
62,60,1.025,1,0,normal,abnormal,notpresent,notpresent,87.4,17.3,1.0,147.6,4.1,13.0,40,8415,4.1,yes,yes,no,good,no,no,0
77,100,1.005,1,0,normal,normal,notpresent,notpresent,78.8,38.6,1.4,128.0,4.3,14.8,46,11528,4.6,no,no,no,good,yes,no,0
47,90,1.005,0,4,normal,normal,present,notpresent,38.8,29.2,2.8,139.0,5.0,16.3,51,2816,3.6,yes,no,no,good,no,no,0
47,120,1.015,3,0,abnormal,normal,notpresent,notpresent,167.7,53.8,6.4,138.9,2.7,12.0,37,6228,3.5,no,yes,no,good,no,no,1
78,120,1.02,1,0,abnormal,normal,present,notpresent,69.0,89.0,4.4,146.0,5.4,9.7,30,5562,5.2,no,no,no,good,no,no,1
64,80,1.01,0,0,normal,normal,present,notpresent,86.1,71.9,4.5,133.1,5.3,14.1,44,11318,5.7,no,yes,no,good,yes,no,0
43,90,1.01,0,4,normal,abnormal,notpresent,notpresent,203.4,67.5,1.2000000000000002,131.5,8.7,11.7,36,6257,4.6,no,no,no,good,no,yes,0
60,110,1.025,0,0,normal,abnormal,notpresent,notpresent,162.3,45.3,1.3,139.2,4.1,16.2,50,4671,2.7,no,yes,yes,good,no,no,0
43,90,1.025,0,0,normal,abnormal,notpresent,present,181.9,53.7,2.2,149.3,6.5,10.8,33,9993,5.1,no,no,yes,good,no,no,0
43,70,1.01,0,1,normal,normal,notpresent,notpresent,255.8,97.2,4.2,125.5,4.2,10.0,31,5765,6.8,no,yes,no,good,no,no,1
55,80,1.025,0,0,normal,normal,notpresent,notpresent,216.3,1.5,0.8,127.3,6.4,12.9,40,7383,4.5,yes,no,no,good,no,no,0
18,70,1.015,0,0,normal,normal,notpresent,notpresent,268.0,56.8,0.9,132.3,3.9,7.5,23,15305,4.5,no,no,no,good,no,no,0
22,110,1.01,0,0,abnormal,normal,notpresent,notpresent,154.3,71.8,0.8,134.1,6.2,11.1,34,10683,3.8,no,no,no,good,yes,no,0
41,80,1.025,0,0,normal,abnormal,notpresent,notpresent,275.3,96.6,1.7999999999999998,119.8,6.6,11.5,36,7788,5.2,no,no,no,good,no,no,0
34,70,1.01,0,1,normal,normal,notpresent,notpresent,176.4,6.9,0.9,152.5,2.5,13.1,41,8049,4.0,yes,no,no,good,no,no,0
56,80,1.02,2,2,normal,abnormal,notpresent,notpresent,161.3,4.3,1.0,136.2,7.7,9.6,30,11032,5.7,no,yes,no,good,no,no,1
36,80,1.005,0,0,normal,normal,present,notpresent,263.5,86.6,0.8,134.7,4.1,9.9,31,10322,4.0,yes,no,no,good,no,no,1
27,80,1.01,3,0,normal,normal,notpresent,notpresent,79.1,1.5,1.0,153.7,3.3,15.9,49,8619,5.0,no,yes,no,good,no,no,0
76,70,1.005,4,0,normal,normal,notpresent,notpresent,307.9,124.0,3.4,144.7,2.6,12.5,39,8700,4.7,no,no,no,good,no,no,1
47,80,1.025,0,0,normal,normal,notpresent,notpresent,125.7,68.7,0.8,132.1,5.4,15.0,46,4108,6.3,yes,yes,no,good,no,no,0
52,80,1.005,0,0,abnormal,normal,notpresent,present,51.8,135.3,2.2,139.1,4.6,10.9,34,3499,5.1,no,yes,no,good,no,no,1
27,90,1.01,0,0,normal,abnormal,present,notpresent,199.6,3.0,1.9,137.1,5.6,12.3,38,7887,6.1,yes,yes,no,good,no,no,0
42,80,1.02,0,0,normal,normal,notpresent,notpresent,118.2,35.6,3.4,152.0,5.7,13.1,41,6563,4.8,no,no,no,poor,no,no,0
53,100,1.025,1,0,normal,normal,present,present,308.0,1.5,0.8,135.8,6.3,17.6,54,10100,4.5,yes,no,no,good,no,no,0
31,80,1.01,0,0,normal,normal,notpresent,notpresent,113.8,17.6,6.1000000000000005,123.1,12.4,11.9,37,8972,4.7,no,no,no,good,no,no,0
57,80,1.025,0,0,normal,abnormal,notpresent,present,172.8,48.2,1.7000000000000002,118.7,4.7,12.0,37,6159,3.9,no,yes,no,good,no,no,0
41,100,1.015,0,0,abnormal,normal,notpresent,notpresent,35.4,1.5,8.5,152.3,2.5,15.7,49,8873,5.2,yes,yes,no,good,no,no,0
46,80,1.005,0,1,normal,abnormal,notpresent,notpresent,212.2,37.7,4.0,129.6,2.5,11.4,35,7187,4.0,no,no,yes,good,no,no,0
41,70,1.015,1,0,normal,normal,present,notpresent,86.6,1.5,0.8,144.2,2.5,13.3,41,14393,4.8,yes,no,no,poor,no,no,0
82,60,1.01,0,3,normal,abnormal,notpresent,notpresent,202.8,44.5,0.8,138.2,8.1,15.4,48,9520,5.6,no,yes,yes,good,yes,no,0
51,90,1.02,0,2,normal,normal,notpresent,notpresent,114.2,114.8,0.8,133.3,6.6,10.8,33,3874,6.3,yes,no,no,good,yes,no,0
33,80,1.025,0,0,normal,normal,notpresent,present,22.0,55.7,1.5,134.9,2.5,13.5,42,13679,4.9,no,no,yes,good,no,no,0
65,90,1.005,4,1,normal,normal,notpresent,notpresent,158.4,140.3,0.8,153.3,11.5,17.6,54,6564,5.6,no,no,no,good,no,no,1
30,70,1.025,0,0,abnormal,abnormal,notpresent,notpresent,154.8,96.7,0.8,123.0,5.5,15.2,47,5573,5.4,no,no,no,good,yes,no,0
55,70,1.01,0,0,normal,normal,notpresent,notpresent,217.6,124.8,1.3,133.6,5.9,13.3,41,14617,4.3,no,no,no,good,no,no,0
18,60,1.025,1,0,normal,normal,notpresent,notpresent,270.9,19.2,0.8,146.6,10.9,11.8,37,9403,6.8,no,no,no,good,yes,no,0
28,80,1.005,0,0,normal,normal,notpresent,notpresent,299.1,17.9,0.8,124.7,9.5,10.7,33,10432,4.1,yes,yes,no,good,no,no,0
54,80,1.01,4,0,abnormal,abnormal,notpresent,notpresent,216.3,74.7,1.2000000000000002,150.7,6.8,9.6,30,10526,4.8,yes,no,no,poor,no,no,1
64,80,1.025,1,0,normal,normal,notpresent,notpresent,170.0,1.5,0.8,146.4,6.9,16.9,52,7803,6.2,no,no,no,poor,yes,no,0
54,80,1.02,1,0,normal,abnormal,notpresent,notpresent,35.2,81.0,1.2000000000000002,140.2,7.2,16.3,51,6740,6.1,no,yes,yes,good,no,no,0
49,100,1.01,2,0,normal,normal,present,notpresent,164.0,41.2,1.4,132.5,3.9,10.6,33,7213,4.7,no,no,no,good,yes,no,1
46,70,1.01,4,0,normal,normal,notpresent,notpresent,165.0,123.9,1.3,123.4,5.4,13.5,42,13066,5.7,yes,no,yes,good,no,no,1
26,80,1.02,3,0,normal,normal,notpresent,notpresent,132.3,91.4,3.5,144.6,6.2,12.8,40,8991,4.5,yes,no,no,good,no,yes,1
39,90,1.015,1,0,normal,normal,notpresent,notpresent,198.0,112.2,1.5,163.0,4.2,15.9,49,12207,4.2,yes,yes,no,good,yes,no,1
43,80,1.005,1,0,normal,normal,notpresent,notpresent,236.6,19.7,1.3,139.0,2.5,13.6,42,8178,3.5,no,no,no,good,no,no,0
69,80,1.015,0,1,normal,normal,notpresent,notpresent,83.3,109.8,1.2000000000000002,119.2,3.9,12.4,38,6209,5.4,no,no,no,good,no,no,0
57,100,1.025,0,0,abnormal,normal,notpresent,notpresent,82.1,129.6,3.0,142.1,2.5,10.9,34,4218,5.5,yes,yes,no,good,yes,no,1
21,110,1.02,0,0,normal,normal,notpresent,notpresent,137.0,55.5,3.8,146.1,4.8,13.5,42,10279,4.1,no,no,no,poor,no,no,0
57,70,1.015,0,0,normal,normal,notpresent,notpresent,99.4,20.4,3.3,128.3,2.5,11.5,36,13313,5.0,no,no,no,good,no,no,0
44,100,1.01,0,0,normal,normal,notpresent,notpresent,22.0,21.3,2.1,131.0,5.6,13.1,41,5831,7.4,no,no,no,good,no,no,0
39,80,1.025,0,3,normal,normal,notpresent,notpresent,69.3,119.4,0.8,130.0,2.5,12.3,38,9889,5.8,yes,yes,no,good,no,no,0
61,70,1.025,0,0,normal,normal,notpresent,notpresent,50.6,191.6,0.9,132.2,3.5,11.4,35,4411,3.8,no,no,no,good,no,no,0
69,80,1.015,2,3,normal,abnormal,notpresent,notpresent,243.5,8.3,0.8,135.8,6.0,9.7,30,6788,5.7,no,no,no,good,no,no,0
67,120,1.015,3,0,normal,abnormal,notpresent,notpresent,282.5,4.5,4.4,128.9,6.8,14.0,43,9177,3.8,no,no,no,poor,no,no,0
37,80,1.02,0,0,normal,normal,notpresent,notpresent,61.5,103.5,2.0,125.1,6.5,12.6,39,3388,2.1,no,no,no,good,no,no,0
46,70,1.005,0,0,normal,normal,notpresent,notpresent,191.1,19.7,2.5,139.2,5.5,17.7,54,8348,4.7,yes,no,no,poor,no,no,0
57,80,1.015,3,0,normal,abnormal,notpresent,notpresent,217.0,108.3,1.0,135.7,2.5,9.5,29,5974,6.3,yes,yes,no,good,no,no,1
68,70,1.015,0,0,normal,normal,notpresent,notpresent,30.1,80.7,3.1999999999999997,133.1,7.3,14.3,44,10154,6.1,no,no,no,good,no,no,0
43,60,1.01,2,2,normal,normal,notpresent,notpresent,160.7,56.2,0.9,138.3,2.5,12.3,38,7920,5.1,yes,yes,no,good,no,no,1
48,70,1.025,0,1,normal,normal,notpresent,notpresent,348.1,79.5,0.8,122.3,7.7,17.8,54,11124,4.2,no,no,no,good,no,no,0
32,70,1.005,0,0,normal,normal,notpresent,notpresent,201.5,76.4,1.1,140.1,6.4,14.1,44,7589,5.2,no,yes,no,good,no,no,0
31,70,1.01,4,3,normal,normal,notpresent,notpresent,128.6,48.4,1.7000000000000002,133.3,8.4,13.4,42,4449,4.4,no,no,no,poor,no,no,1
65,70,1.02,0,1,normal,normal,notpresent,notpresent,103.7,1.5,1.4,139.9,4.7,12.3,38,4088,4.2,yes,no,no,poor,no,no,0
74,80,1.02,1,0,normal,normal,notpresent,notpresent,22.0,66.3,3.4,141.5,2.5,10.5,33,2864,5.8,yes,no,no,poor,yes,no,1
50,70,1.015,2,0,normal,abnormal,notpresent,notpresent,185.2,136.1,0.8,148.8,2.5,13.4,42,10236,4.2,no,yes,no,good,no,yes,1
68,70,1.015,0,0,normal,normal,notpresent,notpresent,301.9,1.5,1.6,138.5,2.5,8.5,26,15817,5.8,yes,yes,no,poor,no,yes,1
57,100,1.02,1,0,normal,normal,notpresent,present,83.7,9.1,1.5,148.2,2.5,8.6,27,9662,4.1,no,yes,no,good,no,no,1
40,80,1.015,4,0,normal,abnormal,notpresent,notpresent,22.0,78.7,0.9,134.3,7.2,15.4,48,13249,6.8,no,no,no,good,no,no,1
57,80,1.005,0,0,normal,normal,present,notpresent,95.5,59.3,3.0,134.8,7.6,7.4,23,11687,3.1,no,yes,no,good,no,no,1
77,70,1.015,3,1,normal,normal,notpresent,present,217.6,78.0,2.5,136.6,6.2,11.6,36,6897,3.7,no,yes,no,good,no,no,1
50,70,1.025,0,0,abnormal,normal,notpresent,notpresent,114.1,22.4,2.4,145.2,4.5,9.5,29,12069,4.5,yes,yes,yes,good,no,no,0
78,60,1.015,1,0,normal,normal,notpresent,present,83.2,115.5,3.5,143.8,10.4,11.3,35,7012,2.7,yes,no,yes,good,no,no,1
6,70,1.01,1,3,normal,abnormal,notpresent,notpresent,149.5,59.7,2.3,138.9,4.3,13.0,40,7070,2.1,no,yes,yes,good,no,no,0
65,70,1.005,0,2,normal,normal,notpresent,notpresent,166.1,92.2,0.8,125.2,5.2,15.4,48,7795,2.7,no,yes,no,poor,yes,no,0
52,70,1.01,3,0,normal,abnormal,notpresent,notpresent,38.3,73.4,2.2,143.6,4.5,16.0,50,7933,4.4,no,yes,no,good,no,no,1
46,60,1.01,3,2,normal,normal,notpresent,notpresent,130.8,66.2,1.0,128.9,3.7,9.8,30,10318,4.4,no,no,no,good,no,yes,1
53,70,1.025,1,0,normal,normal,notpresent,notpresent,108.7,88.7,0.8,128.3,6.4,11.1,34,6454,5.0,no,no,no,poor,no,no,0
17,80,1.005,2,0,abnormal,normal,notpresent,notpresent,97.4,66.7,0.8,126.1,2.8,17.8,54,10978,4.5,yes,no,no,poor,no,no,0
47,70,1.005,1,0,normal,normal,notpresent,notpresent,67.7,1.5,2.4,136.7,2.6,11.8,37,10937,5.0,yes,no,no,good,no,no,0
57,80,1.005,0,0,normal,normal,notpresent,notpresent,222.4,111.8,2.3,149.6,6.5,9.9,31,9395,4.2,no,no,no,poor,no,no,1
76,80,1.005,1,0,normal,normal,notpresent,notpresent,97.1,98.3,0.8,127.8,3.2,10.4,32,14025,5.4,yes,no,no,poor,no,no,1
42,80,1.005,0,0,normal,normal,notpresent,notpresent,22.0,1.5,2.5,154.3,5.0,11.8,37,12133,5.3,no,no,no,poor,no,yes,0
37,60,1.025,0,0,normal,normal,notpresent,present,168.9,24.7,4.1000000000000005,146.6,3.6,11.4,35,11502,4.4,no,no,no,poor,no,no,0
42,90,1.015,2,0,normal,abnormal,notpresent,notpresent,205.3,109.5,0.8,122.9,4.6,11.8,37,8592,5.2,no,no,no,good,no,yes,1
67,80,1.01,0,0,abnormal,normal,notpresent,notpresent,85.1,1.5,0.8,133.7,2.7,12.4,38,9420,4.5,no,no,yes,good,no,no,0
57,60,1.005,0,1,normal,normal,notpresent,notpresent,103.8,104.6,2.5,127.1,2.8,12.4,38,9919,3.2,yes,no,no,good,no,no,1
42,100,1.015,0,0,normal,abnormal,notpresent,notpresent,96.7,50.3,0.9,144.1,2.5,9.7,30,8438,5.6,yes,no,no,good,no,no,0
60,100,1.015,0,0,abnormal,abnormal,notpresent,notpresent,120.6,124.4,1.9,127.6,7.0,13.6,42,7311,3.8,no,no,yes,good,no,no,0
53,60,1.01,1,0,abnormal,normal,notpresent,notpresent,235.4,57.3,0.8,121.3,5.1,12.9,40,2200,5.6,no,yes,no,good,no,yes,0
67,70,1.025,0,0,normal,abnormal,notpresent,notpresent,139.0,21.3,1.3,134.2,7.2,13.9,43,10482,5.0,no,yes,no,good,no,no,0
39,90,1.02,1,0,normal,normal,notpresent,notpresent,214.3,72.8,2.4,149.2,7.5,7.5,23,11420,4.6,no,no,no,good,no,yes,1
45,90,1.02,0,1,normal,normal,notpresent,notpresent,71.5,55.9,2.1,135.6,3.3,13.0,40,5033,2.8,yes,yes,no,good,no,no,0
44,70,1.015,1,0,abnormal,normal,notpresent,notpresent,117.7,16.9,2.9,141.5,7.1,6.7,21,10155,6.2,no,no,no,poor,no,no,1
26,70,1.01,0,0,normal,abnormal,notpresent,notpresent,223.4,168.3,3.5,141.9,4.6,12.0,37,6685,4.3,no,yes,no,good,no,no,1
56,80,1.02,0,0,normal,normal,notpresent,notpresent,84.4,8.8,2.6,122.4,4.2,14.4,45,7337,5.3,yes,yes,no,good,no,no,0
55,80,1.015,1,0,normal,normal,present,notpresent,228.0,1.5,2.1,128.5,8.1,15.5,48,12201,4.6,no,no,no,good,no,no,0
51,80,1.025,3,0,normal,normal,notpresent,notpresent,98.4,136.5,0.8,137.6,6.2,13.5,42,5527,4.4,no,no,no,good,yes,no,1
47,80,1.02,0,0,abnormal,abnormal,notpresent,notpresent,122.6,28.2,1.5,131.9,3.6,14.5,45,5523,4.9,no,no,no,poor,no,yes,0
27,80,1.015,0,0,abnormal,abnormal,notpresent,notpresent,279.9,42.6,0.8,154.5,6.0,11.6,36,13634,4.7,yes,yes,yes,good,yes,no,0
44,90,1.015,0,0,normal,normal,notpresent,notpresent,113.6,39.5,2.9,125.2,2.5,11.0,34,7978,4.4,no,yes,no,good,yes,no,0
45,60,1.005,0,0,normal,abnormal,notpresent,notpresent,159.5,28.9,1.0,128.4,5.3,17.8,54,12015,4.6,yes,no,no,good,no,no,0
37,70,1.025,1,0,normal,normal,notpresent,notpresent,196.7,19.1,1.6,140.4,2.5,14.9,46,3764,5.1,yes,no,no,good,no,no,0
48,90,1.005,0,1,normal,normal,notpresent,notpresent,165.9,7.6,0.9,131.2,2.5,9.1,28,3996,5.2,no,no,no,good,no,no,0
58,100,1.01,0,0,normal,normal,notpresent,notpresent,168.1,60.6,2.6999999999999997,108.6,6.2,7.5,23,5752,4.7,no,no,no,good,yes,no,1
83,80,1.005,0,1,abnormal,normal,notpresent,notpresent,143.5,37.3,3.6999999999999997,156.8,2.5,11.2,35,7004,5.3,no,no,no,good,yes,no,0
54,80,1.005,0,0,normal,normal,notpresent,notpresent,45.1,93.9,1.2000000000000002,126.8,9.6,16.0,50,4330,4.3,yes,no,no,poor,no,no,0
55,70,1.02,0,0,normal,normal,notpresent,notpresent,175.5,81.5,3.4,143.1,6.9,12.6,39,9471,6.9,yes,no,no,good,no,no,0
50,80,1.015,0,0,abnormal,normal,notpresent,notpresent,90.1,11.0,0.9,125.0,2.5,6.1,19,9660,6.2,no,yes,no,good,no,no,0
18,80,1.025,0,0,normal,abnormal,notpresent,notpresent,209.3,62.8,1.5,128.9,11.3,12.0,37,5795,5.5,yes,no,no,good,no,no,0
51,70,1.005,0,0,normal,abnormal,notpresent,notpresent,256.4,36.5,3.3,121.3,12.1,12.5,39,6026,2.8,yes,no,no,good,no,yes,0
52,70,1.025,2,0,abnormal,abnormal,notpresent,notpresent,22.0,7.8,1.0,130.1,4.1,5.5,17,6408,5.3,yes,yes,no,good,no,no,1
90,80,1.005,0,0,normal,abnormal,present,notpresent,256.5,91.9,5.0,131.1,2.5,12.6,39,5022,4.4,no,no,no,good,no,no,0
48,60,1.01,4,3,normal,normal,notpresent,notpresent,115.5,51.3,0.8,136.2,9.3,9.6,30,2200,3.7,yes,yes,no,poor,no,no,1
56,70,1.005,0,0,abnormal,normal,notpresent,notpresent,137.7,37.0,0.8,133.8,3.6,7.2,22,8153,4.3,no,no,yes,good,no,yes,0
50,70,1.02,2,0,abnormal,normal,notpresent,notpresent,75.9,14.6,3.9,123.1,5.1,17.2,53,7152,3.8,yes,yes,no,poor,no,no,0
31,70,1.015,1,0,normal,normal,notpresent,notpresent,162.9,6.0,0.8,132.3,8.0,9.4,29,7448,5.2,yes,no,no,good,no,yes,0
70,70,1.01,1,1,normal,normal,notpresent,notpresent,153.3,156.8,7.6000000000000005,152.0,4.2,10.6,33,5466,6.3,no,yes,no,poor,no,no,1
64,100,1.005,2,0,normal,normal,notpresent,notpresent,233.1,74.1,4.9,150.8,3.9,10.5,33,10750,5.5,yes,no,no,good,no,yes,1
64,80,1.025,0,0,abnormal,normal,present,notpresent,89.4,2.8,0.8,142.1,2.5,12.5,39,15434,7.5,no,no,no,good,no,no,0
36,80,1.01,0,0,abnormal,normal,notpresent,notpresent,279.2,71.8,1.6,144.1,2.8,17.6,54,5981,3.1,yes,no,no,good,no,no,0
75,90,1.01,0,0,normal,normal,notpresent,notpresent,200.5,110.5,0.8,158.1,3.9,9.0,28,12459,4.2,no,no,no,poor,no,yes,0
27,80,1.005,0,0,normal,normal,notpresent,notpresent,155.2,65.8,1.2000000000000002,143.2,2.5,11.6,36,9463,3.8,yes,no,no,poor,no,no,0
61,60,1.01,0,1,normal,normal,notpresent,notpresent,133.7,126.1,0.8,143.9,2.5,12.9,40,8503,5.9,yes,no,no,good,no,no,0
88,80,1.025,0,0,normal,normal,notpresent,notpresent,123.8,1.5,0.8,121.9,4.7,10.0,31,7402,4.5,no,yes,no,good,no,no,0
34,80,1.01,1,0,normal,normal,notpresent,notpresent,128.9,1.5,1.1,126.4,2.5,11.6,36,8159,4.9,no,yes,no,good,yes,no,0
41,90,1.025,0,0,normal,normal,notpresent,notpresent,161.3,70.4,1.3,137.2,2.5,14.2,44,11734,5.3,yes,yes,no,good,no,no,0
53,80,1.005,2,0,abnormal,abnormal,notpresent,notpresent,131.5,71.2,6.1000000000000005,129.4,10.0,10.3,32,5100,3.2,no,yes,no,good,no,no,1
42,70,1.015,1,0,normal,normal,notpresent,notpresent,97.4,1.5,2.9,127.5,3.6,11.5,36,7602,4.1,no,no,no,poor,yes,no,0
25,70,1.01,4,0,normal,normal,notpresent,notpresent,161.8,26.2,2.4,128.7,3.3,11.2,35,12022,5.7,no,yes,no,good,no,yes,1
52,80,1.015,0,0,normal,abnormal,notpresent,present,81.9,7.0,1.6,123.3,3.6,12.2,38,11253,4.2,no,no,no,good,no,no,0
33,80,1.025,0,0,normal,normal,notpresent,notpresent,173.5,1.5,3.1,129.6,3.7,13.2,41,5145,3.0,yes,no,no,good,no,no,0
59,80,1.01,0,0,normal,normal,notpresent,notpresent,130.4,6.8,1.0,140.9,6.2,14.2,44,7870,3.8,no,no,no,good,no,no,0
35,80,1.02,0,0,normal,normal,notpresent,notpresent,203.0,87.2,2.3,155.5,6.0,17.8,54,10511,4.4,no,no,no,good,no,no,0
77,120,1.015,2,0,abnormal,normal,notpresent,notpresent,226.1,6.5,8.0,145.5,3.5,4.8,15,10324,4.9,yes,no,no,good,yes,no,1
38,80,1.01,0,2,abnormal,normal,notpresent,notpresent,226.1,8.2,1.0,143.9,4.0,12.0,37,11228,4.6,no,yes,no,good,no,no,0
46,70,1.015,2,0,normal,normal,notpresent,notpresent,173.1,1.5,2.1,121.3,8.3,8.5,26,9514,4.1,no,yes,no,poor,no,no,1
65,70,1.01,0,0,normal,abnormal,notpresent,notpresent,182.4,120.8,3.1999999999999997,138.7,2.5,11.4,35,10001,5.6,no,no,no,good,yes,no,0
30,70,1.005,1,1,normal,normal,notpresent,notpresent,122.5,79.1,4.1000000000000005,136.8,4.4,15.1,47,9394,4.6,no,no,no,good,no,no,0
55,70,1.015,1,0,normal,normal,notpresent,notpresent,201.5,1.5,2.3,140.4,5.0,16.0,50,12981,4.9,no,no,no,good,no,no,0
73,70,1.02,0,2,normal,normal,notpresent,notpresent,210.4,8.3,0.9,133.9,2.5,16.1,50,7177,4.1,yes,no,no,good,no,no,0
24,70,1.02,0,0,normal,normal,notpresent,notpresent,24.2,83.8,1.0,154.1,4.3,16.1,50,8540,6.2,no,no,no,poor,no,no,0
54,70,1.025,0,3,normal,normal,notpresent,notpresent,177.9,121.5,0.8,138.0,2.5,12.0,37,5457,4.3,yes,no,no,good,no,no,0
55,70,1.01,0,0,normal,normal,notpresent,notpresent,256.1,99.4,2.5,139.0,6.4,16.6,51,4885,4.8,no,yes,no,good,no,no,0
64,100,1.015,0,0,normal,abnormal,present,notpresent,119.9,39.6,0.8,117.9,2.5,17.1,53,9342,5.7,no,no,no,poor,no,no,0
30,60,1.025,0,0,abnormal,normal,notpresent,notpresent,102.6,1.5,3.4,136.4,7.6,12.9,40,6300,5.0,no,no,no,good,no,no,0
29,80,1.015,0,3,normal,normal,notpresent,notpresent,114.8,100.9,0.8,149.0,4.4,15.9,49,8233,5.0,no,yes,no,good,no,no,0
60,80,1.01,0,1,normal,normal,notpresent,present,29.1,42.6,0.8,143.1,3.3,12.6,39,13091,2.7,yes,yes,no,poor,no,no,0
56,120,1.02,0,0,normal,normal,notpresent,notpresent,158.0,60.8,1.4,115.9,2.5,16.6,51,12924,5.4,yes,no,no,poor,no,no,0
55,70,1.005,1,0,abnormal,normal,notpresent,notpresent,150.4,48.5,2.4,133.0,7.5,12.0,37,14850,4.8,no,no,no,good,no,no,0
57,80,1.02,0,3,normal,abnormal,notpresent,notpresent,163.6,1.5,0.8,154.8,2.8,10.7,33,13149,5.2,yes,yes,no,good,no,no,0
39,110,1.025,1,0,normal,normal,notpresent,notpresent,180.9,75.6,1.3,136.0,2.5,9.3,29,15369,4.9,no,no,no,good,no,no,0
55,100,1.005,0,1,normal,normal,notpresent,notpresent,85.0,68.7,1.4,140.7,7.5,12.0,37,9666,4.1,no,yes,no,good,no,no,0
56,90,1.025,0,1,normal,abnormal,notpresent,notpresent,169.6,36.1,0.8,153.7,2.5,12.7,39,5781,5.6,no,no,yes,good,no,no,0
39,70,1.01,3,0,normal,normal,notpresent,notpresent,183.0,81.0,0.8,136.0,4.3,9.8,30,5499,4.9,no,yes,no,good,no,no,1
83,70,1.005,0,0,normal,abnormal,notpresent,notpresent,109.4,1.5,3.1,145.4,6.9,11.8,37,12449,3.4,no,no,no,poor,no,no,0
59,80,1.025,0,0,abnormal,normal,notpresent,notpresent,181.2,43.9,1.4,141.6,5.0,11.0,34,8550,6.0,no,no,no,good,no,no,0
31,100,1.01,0,0,normal,normal,notpresent,notpresent,154.4,58.7,0.8,143.8,9.4,9.4,29,8766,3.3,no,no,no,good,no,yes,0
62,80,1.02,0,2,abnormal,normal,notpresent,notpresent,98.1,1.5,2.8,141.3,2.5,15.5,48,6808,5.6,no,yes,no,good,yes,yes,0
34,80,1.01,0,0,normal,normal,notpresent,notpresent,170.3,54.5,6.300000000000001,132.0,4.0,16.0,50,7155,6.2,no,no,no,good,no,no,0
64,70,1.015,0,2,abnormal,normal,notpresent,notpresent,125.0,94.1,1.7999999999999998,133.0,4.2,15.5,48,9513,3.6,yes,no,no,poor,yes,no,0
71,90,1.01,3,0,normal,normal,present,notpresent,203.1,42.2,1.5,129.0,6.3,12.3,38,5340,4.6,yes,no,no,good,yes,yes,1
37,70,1.01,0,4,abnormal,normal,notpresent,notpresent,129.1,55.7,3.6,121.1,8.2,12.4,38,9146,4.5,no,no,no,good,no,no,0
67,70,1.015,0,0,normal,normal,present,notpresent,46.1,85.5,5.0,149.9,4.8,9.4,29,12782,4.5,no,no,no,good,no,no,0
58,80,1.025,0,0,normal,normal,notpresent,notpresent,169.1,38.0,2.5,137.6,4.2,13.7,42,2212,6.5,no,no,no,poor,yes,no,0
65,80,1.025,1,0,normal,abnormal,notpresent,notpresent,166.1,42.5,1.3,149.4,2.5,13.0,40,3930,3.6,no,yes,no,good,yes,no,0
83,70,1.01,0,0,normal,normal,notpresent,notpresent,62.6,1.5,1.7000000000000002,153.2,4.9,17.8,54,10359,4.4,no,yes,yes,poor,no,no,0
47,70,1.015,0,0,normal,normal,notpresent,notpresent,207.3,56.7,2.2,138.0,2.8,15.7,49,12356,6.2,no,no,no,good,no,yes,0
38,80,1.015,0,1,normal,normal,notpresent,notpresent,203.2,40.7,0.8,124.4,6.3,13.4,42,6979,4.4,no,yes,no,good,no,no,0
36,70,1.02,3,0,normal,abnormal,notpresent,notpresent,79.3,82.4,1.3,135.5,3.5,12.4,38,2605,3.8,no,no,no,good,no,no,1
37,80,1.025,0,0,normal,abnormal,notpresent,notpresent,95.9,85.6,3.1,130.8,3.9,15.4,48,12553,5.0,yes,no,no,good,no,no,0
50,70,1.005,0,0,abnormal,normal,notpresent,present,136.8,97.0,2.0,117.7,2.5,9.8,30,6048,5.5,no,no,no,good,no,no,1
57,80,1.025,0,0,normal,normal,notpresent,notpresent,88.1,32.0,1.2000000000000002,132.5,2.5,15.8,49,7352,4.3,no,yes,no,good,no,no,0
56,80,1.025,1,0,normal,normal,notpresent,notpresent,198.6,1.5,2.0,136.8,9.8,9.3,29,9325,5.3,yes,yes,no,good,yes,no,1
65,60,1.02,0,4,normal,normal,present,present,159.8,94.5,0.8,131.1,5.0,10.9,34,6467,3.3,no,no,no,good,no,no,0
51,70,1.005,0,4,normal,normal,notpresent,notpresent,61.6,79.0,1.2000000000000002,129.8,5.7,7.2,22,5859,3.4,yes,no,no,good,no,no,1
76,70,1.02,2,3,abnormal,abnormal,present,notpresent,83.0,25.6,2.8,124.7,2.5,14.3,44,5912,4.3,no,no,no,good,no,no,0
47,60,1.005,1,1,normal,normal,notpresent,notpresent,241.8,85.1,0.8,139.5,7.1,13.2,41,13788,5.3,no,yes,no,good,no,no,0
90,120,1.01,0,0,normal,normal,notpresent,notpresent,269.3,1.5,0.8,156.2,6.5,10.9,34,11763,5.5,no,yes,no,good,no,yes,0
62,70,1.005,3,0,abnormal,abnormal,notpresent,notpresent,190.6,108.9,4.9,150.3,2.5,9.8,30,10066,3.5,no,yes,no,good,yes,no,1
36,90,1.02,0,0,abnormal,normal,notpresent,notpresent,131.3,40.7,0.8,144.0,2.5,16.5,51,2200,5.4,no,no,no,good,yes,yes,0
33,70,1.025,0,1,normal,normal,notpresent,notpresent,113.2,16.0,0.9,144.3,2.5,12.1,38,10077,4.9,no,yes,no,good,yes,no,0
59,80,1.005,0,0,abnormal,normal,notpresent,present,191.4,26.3,5.6000000000000005,136.2,4.5,10.3,32,9920,3.8,yes,yes,no,good,no,yes,1
47,90,1.005,4,0,abnormal,abnormal,notpresent,notpresent,154.0,45.8,2.4,119.5,5.1,17.8,54,4693,3.4,no,yes,no,good,no,no,1
63,80,1.015,0,0,normal,normal,notpresent,notpresent,22.0,56.8,2.2,133.8,4.7,10.6,33,9150,4.9,yes,no,yes,good,no,yes,0
59,80,1.025,0,0,normal,abnormal,present,notpresent,229.5,59.8,3.3,127.8,8.2,15.8,49,11449,6.0,yes,no,no,good,yes,yes,0
50,80,1.01,0,2,normal,abnormal,notpresent,notpresent,254.3,35.9,0.8,139.0,2.6,9.2,29,10051,4.7,no,no,no,good,no,no,0
37,70,1.02,1,1,normal,normal,notpresent,notpresent,206.2,67.4,2.2,149.8,2.5,11.5,36,6428,3.8,no,yes,no,poor,no,no,1
25,100,1.01,0,0,normal,normal,notpresent,notpresent,61.8,57.8,1.5,157.2,4.6,14.0,43,8438,2.8,no,yes,no,good,no,yes,0
43,90,1.025,0,4,normal,abnormal,notpresent,notpresent,97.7,25.0,3.1,138.1,2.5,12.3,38,10518,6.2,no,yes,no,good,no,yes,0
66,110,1.005,0,0,normal,normal,notpresent,notpresent,22.0,17.5,1.5,120.8,6.5,13.2,41,8572,5.7,no,yes,no,good,yes,yes,0
55,70,1.005,0,0,normal,abnormal,notpresent,notpresent,274.1,87.8,1.9,138.1,4.9,10.9,34,12037,5.0,yes,yes,no,good,no,no,1
30,90,1.025,0,0,normal,abnormal,notpresent,notpresent,119.8,83.6,1.4,138.4,3.7,7.9,24,9547,6.2,no,no,no,good,no,no,1
54,110,1.005,1,0,normal,normal,notpresent,notpresent,332.3,60.3,1.4,144.3,3.5,16.8,52,10583,4.9,no,yes,no,good,yes,yes,0
58,70,1.005,0,0,normal,normal,notpresent,notpresent,302.5,103.6,2.6,137.3,7.1,11.1,34,10782,4.2,no,yes,no,good,no,no,1
36,60,1.005,0,3,normal,abnormal,notpresent,notpresent,76.6,1.5,1.9,138.2,7.1,13.3,41,5307,5.3,yes,no,yes,good,no,no,0
54,90,1.02,1,0,normal,normal,notpresent,notpresent,92.0,29.2,1.9,131.2,3.9,14.5,45,8545,3.9,yes,no,no,poor,no,no,0
52,80,1.02,0,2,abnormal,normal,present,present,184.8,1.5,1.3,134.4,6.3,13.4,42,7436,3.7,no,no,yes,poor,no,no,0
32,90,1.015,0,0,normal,normal,notpresent,notpresent,22.0,170.2,1.5,142.6,7.0,10.4,32,11427,5.5,no,no,no,good,yes,no,1
57,70,1.01,4,0,normal,normal,notpresent,notpresent,113.4,93.1,2.5,117.4,5.5,15.9,49,9743,5.6,yes,no,no,good,no,yes,1
61,90,1.025,0,0,normal,abnormal,notpresent,notpresent,105.5,53.4,3.0,134.3,4.0,14.0,43,7854,3.4,yes,no,yes,good,no,no,0
69,70,1.025,0,0,normal,abnormal,notpresent,notpresent,294.2,96.6,2.2,144.4,5.7,13.1,41,4683,3.5,no,yes,no,good,yes,no,0
69,70,1.025,0,0,normal,normal,notpresent,notpresent,160.7,113.2,4.3,153.9,2.5,13.0,40,3769,4.3,no,no,no,good,no,no,0
28,70,1.015,0,3,abnormal,normal,notpresent,notpresent,125.5,112.7,3.0,133.5,4.8,17.4,54,9300,4.0,no,yes,no,good,yes,no,0
35,90,1.02,0,0,abnormal,normal,present,notpresent,98.1,103.5,1.6,149.4,3.9,10.4,32,6320,5.2,yes,no,no,poor,no,no,1
60,80,1.015,0,0,normal,abnormal,notpresent,notpresent,218.6,44.3,2.1,154.4,3.5,13.7,42,10332,4.7,no,no,no,good,yes,no,0
60,80,1.025,0,0,normal,normal,present,notpresent,108.8,32.3,4.3,133.6,2.5,11.0,34,3635,5.9,no,no,no,good,yes,no,0
60,80,1.01,0,0,abnormal,normal,present,notpresent,144.0,9.3,1.7999999999999998,131.9,2.5,6.9,21,13020,5.0,yes,no,yes,good,no,no,1
90,100,1.005,3,0,normal,normal,notpresent,notpresent,97.5,82.5,3.0,135.7,3.2,6.8,21,10325,4.1,no,no,no,good,yes,no,1
61,80,1.02,1,0,normal,normal,notpresent,notpresent,28.1,49.5,2.2,136.7,7.1,9.6,30,8688,2.8,no,no,no,good,no,yes,0
70,90,1.02,0,0,abnormal,abnormal,present,notpresent,69.3,36.5,1.6,148.4,5.4,10.6,33,13281,4.9,yes,no,no,good,yes,no,0
67,80,1.015,0,0,normal,normal,notpresent,notpresent,108.3,33.9,0.8,129.8,7.2,17.8,54,11150,3.0,no,no,no,poor,no,no,0
62,80,1.02,1,0,normal,normal,notpresent,notpresent,127.2,129.9,1.2000000000000002,152.9,8.1,14.5,45,7022,4.0,no,no,no,good,yes,yes,0
46,80,1.025,0,0,normal,normal,present,notpresent,130.7,105.0,5.6000000000000005,129.5,5.5,14.8,46,8625,4.0,no,no,no,good,yes,yes,0
64,70,1.025,0,0,normal,abnormal,notpresent,notpresent,141.0,148.9,2.0,124.9,5.0,10.7,33,2704,4.2,no,no,no,poor,no,no,0
38,90,1.015,4,0,normal,normal,notpresent,notpresent,109.4,83.9,1.6,142.7,2.5,12.7,39,11486,3.4,yes,no,no,good,no,no,1
47,80,1.025,0,3,normal,normal,notpresent,notpresent,254.6,60.2,4.5,149.8,10.2,17.8,54,7542,4.0,no,yes,no,good,no,no,0
43,70,1.01,1,0,normal,normal,notpresent,notpresent,222.9,56.1,1.7000000000000002,139.3,2.5,9.0,28,2666,5.8,no,no,no,good,no,yes,1
52,100,1.015,4,0,normal,abnormal,notpresent,present,137.3,6.4,1.5,141.9,4.9,13.8,43,4973,5.8,no,no,no,good,yes,no,1
90,80,1.01,0,0,normal,normal,notpresent,notpresent,168.1,1.5,2.5,157.0,6.9,17.2,53,10926,6.2,yes,no,no,good,no,no,0
19,80,1.005,0,4,normal,normal,notpresent,present,118.6,82.8,2.3,149.9,7.0,15.3,47,13080,4.7,no,no,no,good,yes,no,0
63,100,1.01,0,0,normal,normal,notpresent,notpresent,22.0,10.7,0.8,137.8,2.5,17.7,54,8459,5.0,no,no,no,poor,no,no,0
24,80,1.005,2,0,normal,abnormal,notpresent,notpresent,149.6,68.0,1.4,133.2,3.4,13.1,41,5552,5.9,no,yes,no,good,no,no,1
43,70,1.005,3,2,abnormal,normal,notpresent,notpresent,172.1,113.2,1.4,148.5,2.5,14.3,44,4280,3.2,no,yes,no,good,no,no,1
70,110,1.01,2,0,normal,abnormal,notpresent,notpresent,22.0,24.1,1.1,145.8,2.5,12.8,40,12502,5.5,no,no,no,good,no,no,0
52,80,1.015,0,0,abnormal,normal,notpresent,present,187.5,157.9,1.5,141.7,5.0,14.0,43,9703,6.0,no,yes,no,poor,yes,no,0
33,70,1.025,2,0,normal,normal,notpresent,notpresent,125.8,7.9,1.2000000000000002,134.2,2.6,9.8,30,7443,3.8,no,no,no,good,no,no,0
39,70,1.025,3,0,normal,normal,notpresent,notpresent,174.7,106.9,0.8,136.7,8.8,14.8,46,6752,6.1,yes,no,no,poor,no,no,1
63,90,1.005,1,4,normal,normal,notpresent,notpresent,128.2,78.6,1.2000000000000002,136.0,6.3,13.4,42,10348,6.8,no,no,no,good,no,no,0
39,80,1.005,3,0,abnormal,normal,present,present,246.8,117.1,0.8,134.4,4.7,12.7,39,10269,5.5,no,no,no,good,yes,no,1
55,80,1.015,2,0,normal,abnormal,notpresent,notpresent,165.9,1.6,1.7000000000000002,131.5,3.3,17.6,54,5800,5.3,no,yes,no,good,no,yes,0
52,100,1.02,1,0,normal,normal,notpresent,notpresent,227.2,172.8,3.3,140.2,4.9,11.7,36,5087,3.6,yes,yes,no,good,no,no,1
40,90,1.01,0,0,normal,normal,notpresent,notpresent,233.7,48.5,2.3,131.0,3.9,16.0,50,5233,5.8,no,no,no,good,no,no,0
87,70,1.005,0,0,normal,abnormal,notpresent,notpresent,59.6,91.2,1.1,139.3,4.8,16.3,51,7042,3.7,yes,yes,no,good,no,no,0
62,70,1.025,0,1,normal,abnormal,notpresent,notpresent,89.6,129.6,0.8,116.5,9.9,15.0,46,6400,5.1,no,yes,no,good,no,no,0
17,70,1.015,1,0,abnormal,normal,notpresent,notpresent,183.7,27.2,0.8,131.5,2.5,9.7,30,13092,5.2,no,no,no,good,no,yes,0
54,90,1.01,0,0,normal,normal,notpresent,notpresent,119.1,98.7,1.6,148.5,4.1,13.5,42,6939,2.1,yes,yes,no,good,no,no,1
40,60,1.015,3,0,normal,abnormal,notpresent,notpresent,129.2,18.8,0.8,128.5,6.6,17.8,54,4776,5.1,no,no,no,good,no,no,0
65,80,1.01,4,0,normal,normal,notpresent,notpresent,249.6,127.2,1.6,143.4,3.5,7.2,22,4939,7.3,no,yes,no,good,yes,no,1
38,90,1.01,2,0,normal,normal,notpresent,present,123.5,19.4,0.8,129.3,9.0,12.0,37,7866,2.6,no,yes,no,good,yes,yes,0
49,100,1.005,0,0,normal,abnormal,notpresent,notpresent,71.5,59.3,3.1999999999999997,145.3,6.5,15.9,49,3116,4.6,no,yes,no,poor,no,no,0
60,70,1.015,0,3,normal,normal,notpresent,notpresent,82.1,72.7,1.2000000000000002,134.5,2.6,12.2,38,8226,2.8,yes,yes,no,good,no,no,0
66,90,1.015,0,0,normal,normal,notpresent,notpresent,320.4,96.6,0.8,134.1,5.2,14.8,46,4525,3.8,no,no,no,good,no,no,0
31,70,1.025,1,0,abnormal,normal,notpresent,notpresent,133.9,155.8,2.9,138.0,2.6,16.6,51,11760,2.8,yes,no,no,good,yes,no,0
45,90,1.025,2,0,normal,normal,notpresent,notpresent,40.2,34.8,1.0,124.1,2.5,13.2,41,8738,4.9,no,no,no,good,no,no,0
43,70,1.005,3,0,normal,normal,notpresent,notpresent,22.0,114.3,0.8,147.2,4.2,14.0,43,14551,5.5,no,no,no,good,yes,no,1
40,80,1.005,0,1,normal,normal,notpresent,notpresent,98.7,155.9,1.7000000000000002,150.5,8.1,12.8,40,7738,5.1,yes,no,no,good,no,no,1
81,90,1.02,3,0,abnormal,normal,notpresent,notpresent,132.5,65.7,1.7000000000000002,133.9,6.7,13.4,42,2200,3.8,no,no,no,good,no,yes,1
58,70,1.025,3,0,normal,abnormal,notpresent,notpresent,223.0,29.9,2.3,142.7,4.5,17.8,54,12627,4.1,yes,yes,no,good,yes,no,0
30,70,1.01,0,0,normal,abnormal,notpresent,present,215.3,1.5,0.8,145.3,6.8,12.3,38,9856,5.0,no,no,no,poor,yes,yes,0
67,90,1.015,3,0,abnormal,normal,notpresent,notpresent,147.5,151.6,1.3,136.6,5.4,11.5,36,10305,3.8,yes,no,no,poor,no,yes,1
87,90,1.005,0,0,normal,normal,present,notpresent,112.1,45.2,0.9,126.4,2.5,15.5,48,5493,3.4,no,no,no,good,no,no,0
69,80,1.015,0,0,normal,normal,notpresent,notpresent,174.8,7.3,0.8,153.4,4.2,10.1,31,8276,4.5,yes,no,no,good,no,no,0
25,80,1.015,1,2,normal,normal,notpresent,notpresent,22.0,1.5,3.5,133.6,4.4,10.7,33,8941,3.8,no,yes,no,poor,no,no,0
43,80,1.02,0,0,abnormal,abnormal,notpresent,notpresent,304.5,7.2,2.4,131.4,6.7,10.7,33,7710,5.1,no,yes,no,poor,no,no,0
73,70,1.025,1,0,normal,abnormal,notpresent,notpresent,199.7,103.4,0.9,153.9,3.0,11.8,37,3370,6.0,yes,no,no,good,yes,no,0
39,70,1.005,1,0,normal,normal,notpresent,notpresent,216.5,110.3,1.7999999999999998,143.6,2.5,11.9,37,16429,7.3,no,yes,no,good,no,no,1
59,70,1.015,0,1,normal,abnormal,notpresent,notpresent,63.1,90.0,0.8,140.1,4.5,14.5,45,10824,5.0,no,yes,no,poor,no,no,0
64,100,1.005,0,0,normal,normal,notpresent,notpresent,249.3,64.0,3.6999999999999997,127.8,2.8,11.5,36,9620,5.3,no,yes,no,good,no,no,0
35,80,1.01,0,2,normal,normal,present,notpresent,111.7,1.5,0.8,145.5,3.7,14.6,45,12210,4.1,no,yes,no,good,no,no,0
50,80,1.02,0,0,normal,normal,notpresent,notpresent,72.7,20.9,0.8,163.0,4.4,15.0,46,10268,4.2,no,yes,no,good,yes,no,0
2,80,1.01,0,0,normal,abnormal,present,notpresent,144.9,2.1,1.4,146.3,3.5,10.6,33,6436,6.0,yes,no,no,poor,no,no,0
34,110,1.005,0,2,normal,normal,notpresent,notpresent,143.1,86.0,1.7000000000000002,142.5,7.3,14.9,46,12024,4.4,yes,no,yes,poor,no,no,0
47,70,1.005,0,0,normal,normal,notpresent,notpresent,62.8,4.2,1.7000000000000002,144.7,8.6,15.2,47,10871,4.8,no,no,no,good,no,no,0
30,80,1.025,0,0,normal,abnormal,notpresent,notpresent,77.3,21.7,0.8,134.2,7.0,7.4,23,6546,5.9,no,yes,no,good,no,no,0
79,80,1.015,0,0,abnormal,normal,notpresent,notpresent,71.1,48.2,1.0,134.1,2.5,13.4,42,10691,4.4,no,yes,no,good,no,no,0
27,80,1.015,1,1,normal,normal,notpresent,notpresent,71.9,1.5,1.4,134.0,2.8,11.0,34,7702,6.2,yes,no,yes,poor,no,no,0
44,60,1.01,2,0,abnormal,abnormal,notpresent,present,117.3,59.7,0.8,131.8,4.1,16.3,51,9005,5.3,no,no,no,good,no,no,0
53,100,1.02,0,0,abnormal,normal,notpresent,notpresent,38.3,52.0,3.5,134.0,2.5,11.0,34,10139,5.2,no,no,no,poor,no,yes,0
76,110,1.015,0,0,normal,normal,notpresent,notpresent,93.4,116.6,0.8,133.9,2.5,8.6,27,12369,4.1,yes,no,yes,good,no,no,1
27,80,1.025,4,0,normal,normal,notpresent,notpresent,230.6,16.4,1.4,135.1,4.1,12.4,38,6527,5.2,no,yes,yes,poor,no,no,1
71,80,1.01,2,0,normal,normal,notpresent,notpresent,213.0,1.5,2.2,134.8,3.3,9.9,31,9458,4.3,no,no,no,good,no,no,1
51,100,1.01,3,1,normal,abnormal,notpresent,notpresent,65.1,38.7,0.9,139.9,4.6,15.0,46,14246,5.2,no,no,no,good,yes,no,0
34,90,1.025,2,1,normal,normal,notpresent,notpresent,223.7,2.5,1.9,138.3,2.5,10.2,32,7889,4.6,yes,yes,no,good,yes,no,1
59,70,1.02,0,1,normal,normal,notpresent,notpresent,22.0,59.4,3.1,139.2,3.3,12.4,38,8970,5.7,no,no,yes,good,no,no,0
54,80,1.025,0,0,normal,normal,notpresent,notpresent,339.9,1.5,0.8,152.7,5.0,17.0,53,14241,4.7,no,no,no,poor,no,no,0
41,80,1.02,0,0,abnormal,normal,notpresent,notpresent,250.7,27.1,4.1000000000000005,138.3,4.6,15.7,49,10249,6.7,yes,yes,no,good,no,no,0
52,80,1.025,0,1,normal,normal,notpresent,notpresent,103.8,11.0,1.6,159.6,5.9,13.9,43,4125,4.4,no,yes,no,good,no,no,0
44,90,1.025,0,0,abnormal,normal,present,present,178.2,85.8,0.9,141.0,5.7,12.1,38,6093,4.2,yes,yes,no,good,yes,no,0
53,110,1.005,0,1,normal,normal,notpresent,notpresent,37.3,16.9,1.2000000000000002,133.0,3.5,13.6,42,10400,5.0,no,no,no,poor,no,no,0
62,100,1.01,0,1,abnormal,normal,notpresent,notpresent,152.8,1.5,1.0,151.0,4.9,14.5,45,9627,5.8,no,yes,no,good,no,no,0
78,80,1.025,1,0,normal,normal,notpresent,notpresent,133.5,47.3,2.3,136.7,2.5,9.6,30,8871,5.8,no,yes,no,good,no,no,1
30,70,1.025,1,0,normal,normal,notpresent,notpresent,82.1,73.4,2.8,113.6,3.8,15.0,46,14668,4.9,yes,yes,no,poor,yes,no,0
87,120,1.015,0,0,normal,normal,notpresent,notpresent,111.0,43.8,3.1,137.5,2.5,9.3,29,6609,5.0,no,no,no,good,yes,no,0
18,90,1.01,2,0,normal,normal,notpresent,notpresent,103.2,26.8,6.800000000000001,135.0,7.6,14.2,44,8184,5.0,no,no,no,good,no,no,0
48,70,1.015,0,0,normal,normal,notpresent,notpresent,58.6,23.8,2.8,153.6,3.8,9.3,29,2707,3.6,no,no,no,good,yes,no,0
61,100,1.01,3,1,abnormal,normal,notpresent,notpresent,80.2,63.0,1.7999999999999998,128.5,7.6,17.8,54,11766,5.7,no,yes,no,good,yes,no,0
56,100,1.015,0,0,normal,normal,present,notpresent,34.1,12.9,1.0,134.2,5.5,14.7,46,6083,3.4,no,no,no,poor,yes,no,0
40,80,1.025,4,0,normal,abnormal,notpresent,notpresent,215.7,41.0,1.6,150.2,2.5,8.0,25,11466,3.6,no,no,no,poor,no,no,1
47,80,1.025,1,0,normal,normal,notpresent,notpresent,74.4,94.9,0.8,141.4,5.3,12.5,39,11161,4.8,no,no,no,good,no,no,0
43,80,1.005,0,0,abnormal,normal,notpresent,notpresent,51.5,1.5,2.4,135.8,6.9,11.0,34,15212,4.4,no,no,no,good,no,no,0
41,60,1.015,0,0,normal,abnormal,notpresent,notpresent,214.5,55.2,1.3,129.9,4.4,10.6,33,10283,5.5,no,no,yes,good,no,no,0
65,70,1.02,0,0,normal,normal,present,notpresent,177.2,1.5,0.8,141.0,4.8,12.9,40,7367,5.1,yes,no,no,good,no,no,0
57,90,1.005,0,0,normal,normal,notpresent,present,211.6,68.8,0.8,137.2,3.1,9.8,30,9716,4.8,yes,yes,yes,good,yes,no,1
39,60,1.015,0,0,normal,normal,notpresent,notpresent,220.4,8.5,1.1,129.8,4.7,14.7,46,6198,3.6,no,no,no,poor,no,no,0
66,70,1.015,1,0,normal,normal,notpresent,notpresent,301.1,108.4,1.7000000000000002,130.3,5.3,14.5,45,9326,4.7,no,no,yes,good,no,no,0
56,80,1.005,0,0,abnormal,abnormal,notpresent,notpresent,135.7,1.5,1.3,129.4,3.0,13.5,42,7817,4.6,no,no,no,good,no,no,0
65,80,1.025,1,2,normal,normal,notpresent,present,32.8,79.5,1.7999999999999998,127.6,2.5,12.4,38,8196,4.9,no,no,yes,poor,no,no,0
62,100,1.015,3,0,abnormal,abnormal,notpresent,notpresent,169.4,118.5,1.4,146.8,8.2,14.4,45,5795,4.3,no,no,no,poor,yes,no,1
37,70,1.025,0,0,normal,normal,notpresent,notpresent,95.1,5.9,2.0,145.5,6.3,14.8,46,9271,5.2,no,yes,no,good,no,no,0
41,70,1.005,0,0,normal,normal,notpresent,notpresent,72.4,14.3,0.8,146.9,3.1,13.8,43,10790,4.4,no,yes,no,good,no,no,0
64,90,1.025,0,0,abnormal,normal,notpresent,notpresent,155.9,10.2,0.8,137.5,5.2,8.7,27,3609,5.1,yes,no,no,good,yes,no,0
61,80,1.01,1,0,normal,normal,notpresent,notpresent,216.4,33.1,1.7999999999999998,135.1,2.5,10.2,32,6403,5.5,no,no,no,good,no,no,0
51,70,1.02,0,0,abnormal,normal,notpresent,notpresent,82.0,83.3,1.4,135.3,2.5,11.7,36,8887,4.2,no,yes,no,good,no,no,0
53,80,1.015,4,0,normal,abnormal,notpresent,notpresent,248.7,29.0,0.8,147.7,7.6,8.2,25,2200,3.9,no,yes,no,good,no,no,1
73,70,1.02,2,0,normal,normal,notpresent,notpresent,69.8,1.5,1.1,119.3,5.2,13.1,41,13447,5.2,yes,no,no,good,no,no,0
41,70,1.025,0,0,abnormal,normal,notpresent,notpresent,128.7,1.5,0.8,132.4,4.5,16.6,51,6338,3.4,yes,no,no,poor,yes,no,0
60,80,1.015,0,0,normal,normal,notpresent,notpresent,178.5,137.5,1.5,128.6,5.3,16.1,50,5680,5.8,yes,no,no,poor,yes,no,0
48,80,1.025,3,0,normal,normal,present,notpresent,117.4,141.4,1.2000000000000002,151.1,13.6,14.6,45,7799,4.7,no,no,no,good,yes,no,1
47,100,1.01,2,0,normal,normal,notpresent,notpresent,22.0,85.4,1.7999999999999998,132.7,7.0,14.6,45,8798,4.6,yes,no,no,good,no,no,1
70,80,1.005,0,0,normal,abnormal,notpresent,present,221.3,16.9,2.9,121.1,2.5,17.8,54,6206,5.2,no,no,no,good,yes,no,0
65,80,1.015,0,0,abnormal,normal,notpresent,notpresent,98.7,94.8,0.9,139.7,2.5,14.9,46,11243,5.2,no,no,no,good,no,yes,0
65,80,1.01,2,0,normal,normal,notpresent,notpresent,206.8,104.8,5.300000000000001,133.8,7.6,15.2,47,9559,4.7,no,no,no,poor,yes,yes,0
73,60,1.01,0,4,normal,normal,notpresent,notpresent,48.1,44.7,1.6,131.9,7.0,8.3,26,5972,5.6,no,no,no,good,no,no,0
51,80,1.015,3,0,normal,abnormal,notpresent,notpresent,61.6,59.5,1.7999999999999998,130.9,6.2,16.4,51,6885,4.0,no,no,no,good,no,no,0
63,70,1.025,0,1,normal,abnormal,notpresent,present,216.1,119.0,2.1,130.5,2.5,13.7,42,4001,5.4,no,no,no,good,no,yes,0
46,110,1.01,0,0,normal,normal,present,notpresent,174.9,1.5,2.0,144.6,5.6,12.3,38,4765,3.6,no,no,yes,good,no,no,0
57,70,1.02,2,0,normal,normal,notpresent,notpresent,113.4,107.3,1.5,139.7,2.6,11.5,36,9524,5.2,no,yes,yes,good,no,no,1
49,80,1.01,0,0,abnormal,abnormal,notpresent,notpresent,176.0,41.9,1.2000000000000002,135.5,6.5,10.9,34,6002,4.4,no,yes,no,good,no,no,0
53,60,1.025,0,0,normal,normal,notpresent,notpresent,72.6,1.8,0.8,126.5,7.4,16.1,50,13632,3.4,no,yes,no,good,no,no,0
61,120,1.025,0,0,normal,abnormal,notpresent,notpresent,156.7,5.9,0.8,135.8,3.1,12.4,38,8606,5.0,yes,yes,no,good,no,no,0
37,80,1.02,0,0,normal,normal,notpresent,notpresent,158.2,14.2,1.1,140.1,7.8,11.0,34,4477,4.7,no,yes,no,good,no,no,0
87,80,1.01,1,0,normal,normal,notpresent,notpresent,118.5,1.5,1.0,140.5,4.9,10.3,32,5084,3.2,no,no,no,good,no,yes,0
34,60,1.025,0,1,normal,abnormal,notpresent,notpresent,82.0,146.0,1.1,139.1,6.0,13.0,40,11454,2.6,yes,no,no,poor,no,no,0
30,90,1.015,0,1,normal,abnormal,notpresent,notpresent,153.5,82.0,0.8,128.3,2.5,11.5,36,8178,4.5,yes,no,no,poor,no,no,0
71,70,1.005,2,0,normal,normal,notpresent,notpresent,143.7,110.6,2.4,113.5,5.3,10.8,33,11277,6.3,yes,yes,no,poor,no,no,1
64,100,1.005,1,0,normal,normal,notpresent,notpresent,111.2,85.5,3.3,155.5,2.7,8.5,26,7337,5.0,no,no,no,good,no,no,1
62,70,1.005,0,0,normal,normal,notpresent,notpresent,66.3,60.5,4.6000000000000005,124.4,5.9,15.3,47,6775,4.0,yes,no,no,good,no,no,0
62,70,1.01,0,0,abnormal,normal,notpresent,notpresent,149.0,61.1,1.4,117.9,8.7,12.1,38,11646,5.8,no,no,no,good,yes,no,0
51,60,1.02,3,0,abnormal,normal,notpresent,notpresent,111.4,37.5,2.2,138.8,5.4,9.4,29,5910,5.6,yes,no,no,poor,no,no,1
36,80,1.025,2,0,abnormal,normal,notpresent,present,66.3,41.6,3.3,120.4,2.5,11.7,36,9818,6.0,yes,yes,no,good,no,no,1
52,80,1.015,0,0,normal,abnormal,notpresent,notpresent,151.4,1.5,1.2000000000000002,129.5,6.4,14.1,44,7786,5.4,no,yes,no,good,no,no,0
39,60,1.015,0,4,normal,normal,notpresent,notpresent,275.1,111.5,1.0,143.0,5.7,12.6,39,10948,5.6,yes,no,no,good,yes,no,0
68,90,1.01,0,0,normal,normal,notpresent,notpresent,119.0,1.5,4.5,155.2,10.4,13.1,41,13674,5.4,no,yes,no,good,no,no,0
49,80,1.005,1,0,normal,normal,notpresent,notpresent,266.3,4.5,1.5,141.4,5.3,12.6,39,7263,4.2,yes,no,no,good,no,no,0
37,80,1.01,3,3,normal,normal,notpresent,notpresent,315.0,158.0,1.4,133.1,3.0,8.8,27,6813,3.1,no,no,no,good,yes,no,1
46,80,1.02,1,0,abnormal,normal,notpresent,notpresent,72.7,64.2,0.8,137.0,6.8,15.3,47,10331,4.2,yes,yes,no,poor,no,no,0
58,80,1.02,2,0,abnormal,abnormal,notpresent,notpresent,148.7,66.3,0.8,119.4,4.2,7.5,23,5262,5.8,yes,yes,no,good,no,no,1
41,80,1.025,2,4,normal,normal,notpresent,present,314.2,89.3,3.1999999999999997,133.0,4.8,13.8,43,13088,4.3,no,yes,no,poor,no,yes,1
37,70,1.025,0,0,normal,abnormal,notpresent,notpresent,138.4,1.5,1.7999999999999998,133.0,2.5,14.3,44,12593,4.6,no,no,no,good,yes,no,0
55,70,1.02,0,0,abnormal,abnormal,notpresent,notpresent,150.9,1.5,1.0,139.0,4.3,11.9,37,5503,3.5,yes,no,no,poor,yes,no,0
55,100,1.02,0,0,normal,normal,notpresent,notpresent,22.0,35.2,0.8,156.9,4.7,13.5,42,3809,4.1,no,yes,no,good,no,no,0
42,110,1.02,0,0,normal,abnormal,present,notpresent,106.0,12.2,1.6,118.1,4.2,11.7,36,5034,4.7,no,yes,no,good,no,yes,0
43,80,1.01,3,0,abnormal,abnormal,notpresent,notpresent,191.9,53.7,1.7000000000000002,133.4,2.9,13.6,42,5078,5.2,yes,yes,no,good,no,no,1
55,70,1.02,0,3,normal,normal,notpresent,notpresent,339.9,81.7,0.8,119.2,5.4,15.4,48,10725,4.2,yes,yes,no,good,yes,yes,0
26,80,1.015,0,1,normal,normal,notpresent,present,132.5,126.9,3.3,132.5,2.5,10.2,32,12893,4.2,no,no,yes,good,yes,yes,1
27,80,1.005,0,0,normal,normal,present,notpresent,22.0,98.0,0.8,128.9,2.5,14.5,45,10691,5.5,no,yes,no,good,no,no,0
39,60,1.02,0,2,abnormal,normal,notpresent,notpresent,37.0,7.7,1.1,122.6,6.6,17.4,54,7715,5.0,no,no,no,good,no,yes,0
47,70,1.005,0,0,normal,abnormal,notpresent,notpresent,145.2,38.7,2.1,146.6,6.3,13.3,41,9393,5.1,no,no,no,good,no,no,0
56,90,1.01,0,0,normal,normal,notpresent,notpresent,241.0,25.1,0.9,140.1,2.5,11.0,34,5878,6.2,no,yes,no,poor,no,no,0
76,80,1.005,1,0,normal,abnormal,notpresent,notpresent,198.4,6.6,3.0,145.5,2.5,17.8,54,11582,4.2,yes,no,no,poor,yes,no,0
66,60,1.01,0,0,normal,normal,notpresent,notpresent,184.4,1.5,2.4,132.2,2.5,12.8,40,9653,4.7,yes,no,no,good,no,no,0
48,70,1.015,1,0,normal,normal,notpresent,notpresent,251.4,140.6,2.6999999999999997,136.8,4.2,13.2,41,10642,5.3,yes,no,no,good,no,no,1
51,70,1.01,0,3,normal,abnormal,present,notpresent,91.1,57.9,0.8,153.4,7.8,13.2,41,6290,3.8,no,no,no,poor,no,no,0
34,80,1.01,0,0,normal,normal,notpresent,notpresent,149.5,46.2,0.8,137.5,4.2,13.8,43,7911,4.9,no,no,no,good,no,no,0
51,60,1.025,0,0,abnormal,normal,notpresent,notpresent,106.9,81.6,0.9,145.6,2.5,11.5,36,10503,4.7,no,no,no,good,no,no,0
46,70,1.02,0,0,normal,normal,notpresent,notpresent,126.6,84.1,1.5,131.3,5.0,13.1,41,12586,7.5,no,no,no,good,no,no,0
56,90,1.02,1,2,normal,normal,notpresent,notpresent,68.5,113.3,2.5,144.7,4.3,15.3,47,6637,4.8,no,no,no,good,no,no,0
37,70,1.015,0,2,normal,normal,notpresent,notpresent,120.8,20.2,3.1,132.0,2.5,11.4,35,10663,5.9,no,no,no,good,no,no,0
60,80,1.015,0,1,normal,normal,notpresent,notpresent,145.8,77.5,2.2,118.5,2.5,11.3,35,6335,5.5,yes,no,no,good,no,no,0
77,70,1.02,1,0,normal,normal,notpresent,notpresent,118.7,11.8,4.4,137.4,2.5,11.7,36,14540,3.5,no,no,no,good,no,no,0
49,60,1.025,0,0,normal,abnormal,notpresent,notpresent,135.3,47.9,2.4,132.8,11.5,9.3,29,7197,3.2,no,no,no,good,no,no,0
58,70,1.02,0,0,normal,normal,notpresent,notpresent,180.0,60.2,0.9,121.3,7.0,10.5,33,10266,4.9,yes,no,no,poor,no,no,0
63,90,1.025,2,0,normal,normal,notpresent,notpresent,245.9,65.1,0.9,139.4,2.9,10.4,32,8880,6.0,no,yes,no,good,no,no,1
44,100,1.015,1,0,normal,normal,notpresent,notpresent,251.6,62.9,2.2,128.6,7.7,12.5,39,15955,5.0,no,no,no,good,no,yes,0
55,90,1.005,0,3,normal,abnormal,notpresent,notpresent,208.2,97.5,0.8,163.0,3.0,14.9,46,9067,4.8,yes,no,no,good,no,no,0
51,80,1.015,3,0,abnormal,normal,notpresent,notpresent,48.5,27.6,0.8,122.9,7.6,16.7,52,6906,4.4,yes,no,yes,good,yes,no,0
53,80,1.015,2,0,normal,normal,notpresent,present,119.5,66.5,1.5,125.4,4.8,12.7,39,10255,3.4,no,no,yes,good,no,no,1
38,70,1.01,0,0,normal,normal,notpresent,present,126.3,19.5,3.0,146.2,2.8,13.8,43,10190,3.7,no,no,no,good,no,no,0
51,70,1.01,1,0,normal,normal,present,notpresent,96.1,203.4,0.8,136.2,6.5,13.2,41,7943,3.1,no,no,no,good,no,no,1
59,100,1.01,0,0,normal,abnormal,notpresent,notpresent,175.0,11.8,2.8,146.0,5.0,6.4,20,5225,3.6,yes,yes,no,good,no,no,1
76,60,1.01,0,0,normal,normal,notpresent,notpresent,22.0,22.4,2.9,141.3,5.7,9.2,29,6869,4.2,yes,no,no,good,no,no,0
67,60,1.025,0,0,normal,normal,notpresent,notpresent,281.8,101.5,1.4,131.7,5.2,14.7,46,10956,5.5,yes,no,no,good,yes,no,0
88,70,1.02,0,1,normal,normal,notpresent,notpresent,242.4,35.9,0.8,123.7,5.2,15.0,46,3332,4.3,yes,no,yes,good,no,no,0
38,60,1.005,1,4,normal,normal,notpresent,notpresent,185.8,101.6,0.8,148.2,6.8,14.9,46,7681,5.0,yes,no,no,good,no,no,0
66,70,1.015,0,0,abnormal,abnormal,notpresent,notpresent,143.1,65.1,2.2,124.6,11.8,12.0,37,11285,4.8,no,no,no,good,no,no,0
54,80,1.025,2,0,normal,abnormal,notpresent,notpresent,245.1,37.2,2.3,143.1,8.1,6.7,21,8129,5.2,yes,yes,no,good,no,no,1
88,80,1.005,1,1,abnormal,normal,notpresent,notpresent,202.5,19.8,3.8,146.7,5.2,9.5,29,14704,3.7,no,yes,no,good,yes,no,1
37,100,1.025,0,0,normal,abnormal,notpresent,notpresent,235.4,18.0,1.7000000000000002,136.2,3.7,10.0,31,3341,5.8,yes,no,no,poor,no,no,0
37,90,1.025,1,0,normal,abnormal,notpresent,notpresent,143.3,37.8,0.8,134.5,4.0,14.3,44,5612,3.3,yes,yes,no,good,yes,no,0
41,70,1.015,0,2,normal,normal,notpresent,notpresent,289.4,48.7,0.8,127.7,2.5,11.5,36,2200,4.3,no,no,no,good,no,yes,0
15,70,1.02,0,0,normal,normal,notpresent,notpresent,240.2,15.8,2.3,142.1,6.5,17.4,54,14182,4.7,no,yes,no,good,no,no,0
42,80,1.01,1,0,abnormal,normal,notpresent,notpresent,188.3,51.9,0.8,107.0,2.5,16.8,52,5660,5.5,no,no,no,good,no,no,0
38,80,1.02,0,0,normal,abnormal,notpresent,notpresent,247.2,2.7,1.0,144.7,3.6,17.4,54,2638,6.1,no,yes,no,good,yes,no,0
54,70,1.015,0,0,abnormal,abnormal,notpresent,present,114.9,95.2,1.4,138.7,6.5,9.8,30,6625,5.5,yes,no,no,good,yes,no,1
57,80,1.015,0,0,normal,abnormal,notpresent,notpresent,55.8,104.8,0.8,135.3,3.9,13.9,43,4361,6.1,no,no,no,good,no,no,0
83,80,1.015,0,1,normal,abnormal,notpresent,notpresent,173.4,22.2,0.8,139.9,3.2,11.1,34,6646,3.9,yes,no,yes,poor,yes,no,0
67,80,1.005,0,0,normal,normal,notpresent,notpresent,143.5,19.4,1.2000000000000002,123.8,2.5,13.5,42,8520,5.9,no,no,no,good,no,no,0
41,80,1.02,0,0,normal,abnormal,notpresent,notpresent,132.4,66.3,0.9,113.4,8.0,10.2,32,10734,5.7,yes,yes,no,good,no,no,0
36,70,1.02,4,0,abnormal,abnormal,notpresent,notpresent,244.1,120.7,0.8,142.2,2.5,16.1,50,7893,2.3,no,no,no,poor,no,no,1
59,110,1.025,0,0,normal,normal,notpresent,present,161.2,131.7,2.4,150.7,3.0,10.2,32,8473,4.5,yes,no,no,poor,no,yes,1
29,90,1.025,0,0,normal,normal,notpresent,notpresent,168.8,1.5,2.9,120.1,2.5,6.9,21,6713,5.3,no,no,no,good,no,no,0
82,70,1.025,0,2,normal,abnormal,notpresent,notpresent,122.2,107.7,0.8,127.0,4.5,17.8,54,4016,4.2,no,no,no,good,no,no,0
71,100,1.015,0,0,normal,normal,notpresent,notpresent,217.6,54.3,2.6,145.0,3.7,13.8,43,3045,3.6,no,no,no,poor,no,no,0
43,80,1.02,4,1,normal,abnormal,notpresent,notpresent,203.4,55.3,1.1,141.1,5.1,9.4,29,7343,6.8,no,yes,no,good,no,no,1
22,100,1.015,1,1,normal,normal,notpresent,notpresent,217.0,82.6,1.5,163.0,2.5,12.0,37,8645,4.8,no,yes,no,good,yes,no,1
74,90,1.005,2,0,abnormal,normal,notpresent,notpresent,108.7,33.4,3.3,148.3,6.7,10.8,33,7128,4.8,no,no,yes,poor,no,yes,1
49,80,1.025,0,0,normal,abnormal,notpresent,notpresent,251.0,112.2,2.5,145.9,2.5,12.5,39,3153,3.4,yes,no,no,good,yes,no,0
72,60,1.015,0,4,normal,normal,notpresent,notpresent,293.3,128.6,2.9,129.9,4.3,14.8,46,8984,4.1,yes,yes,no,good,yes,no,0
